{
  "Small (192x576)": {
    "shape": "(192, 576)",
    "2bit": {
      "polar_cos": 0.9418009519577026,
      "affine_cos": 0.9477625489234924,
      "polar_mse": 0.03820483386516571,
      "affine_mse": 0.03470129519701004
    },
    "3bit": {
      "polar_cos": 0.9827777743339539,
      "affine_cos": 0.9899106621742249,
      "polar_mse": 0.01155345793813467,
      "affine_mse": 0.006841269321739674
    },
    "4bit": {
      "polar_cos": 0.9954113364219666,
      "affine_cos": 0.9978249073028564,
      "polar_mse": 0.0030933241359889507,
      "affine_mse": 0.0014759150799363852
    },
    "memory_3bit": {
      "fp16_bytes": 221184,
      "polar_bytes": 49168,
      "polar_ratio": 4.498535632931988,
      "affine_bytes": 55296,
      "affine_ratio": 4.0
    }
  },
  "Medium (576x576)": {
    "shape": "(576, 576)",
    "2bit": {
      "polar_cos": 0.9399469494819641,
      "affine_cos": 0.9475226998329163,
      "polar_mse": 0.0381709486246109,
      "affine_mse": 0.03376777470111847
    },
    "3bit": {
      "polar_cos": 0.9830929636955261,
      "affine_cos": 0.9895414113998413,
      "polar_mse": 0.01098204031586647,
      "affine_mse": 0.006893622223287821
    },
    "4bit": {
      "polar_cos": 0.9952595829963684,
      "affine_cos": 0.9977763295173645,
      "polar_mse": 0.0030968207865953445,
      "affine_mse": 0.0014624741161242127
    },
    "memory_3bit": {
      "fp16_bytes": 663552,
      "polar_bytes": 145168,
      "polar_ratio": 4.570924721701752,
      "affine_bytes": 165888,
      "affine_ratio": 4.0
    }
  },
  "Large (1536x576)": {
    "shape": "(1536, 576)",
    "2bit": {
      "polar_cos": 0.9400814175605774,
      "affine_cos": 0.9479597806930542,
      "polar_mse": 0.03737543523311615,
      "affine_mse": 0.0328594371676445
    },
    "3bit": {
      "polar_cos": 0.9825975894927979,
      "affine_cos": 0.9895061254501343,
      "polar_mse": 0.011093273758888245,
      "affine_mse": 0.006766063626855612
    },
    "4bit": {
      "polar_cos": 0.9953005313873291,
      "affine_cos": 0.9977492690086365,
      "polar_mse": 0.003014429472386837,
      "affine_mse": 0.0014505669241771102
    },
    "memory_3bit": {
      "fp16_bytes": 1769472,
      "polar_bytes": 385168,
      "polar_ratio": 4.59402650272089,
      "affine_bytes": 442368,
      "affine_ratio": 4.0
    }
  },
  "XL (4096x4096)": {
    "shape": "(4096, 4096)",
    "2bit": {
      "polar_cos": 0.9396485686302185,
      "affine_cos": 0.946004331111908,
      "polar_mse": 0.038364432752132416,
      "affine_mse": 0.034586381167173386
    },
    "3bit": {
      "polar_cos": 0.9829723238945007,
      "affine_cos": 0.9896145462989807,
      "polar_mse": 0.011065267026424408,
      "affine_mse": 0.006833567284047604
    },
    "4bit": {
      "polar_cos": 0.9954006671905518,
      "affine_cos": 0.9978015422821045,
      "polar_mse": 0.0030073917005211115,
      "affine_mse": 0.0014478869270533323
    },
    "memory_3bit": {
      "fp16_bytes": 33554432,
      "polar_bytes": 7249936,
      "polar_ratio": 4.628238373414606,
      "affine_bytes": 8388608,
      "affine_ratio": 4.0
    }
  },
  "MLP-up (11008x4096)": {
    "shape": "(11008, 4096)",
    "2bit": {
      "polar_cos": 0.94139564037323,
      "affine_cos": 0.9472081661224365,
      "polar_mse": 0.03826838359236717,
      "affine_mse": 0.034781888127326965
    },
    "3bit": {
      "polar_cos": 0.9832020998001099,
      "affine_cos": 0.9898768663406372,
      "polar_mse": 0.011207248084247112,
      "affine_mse": 0.006849650759249926
    },
    "4bit": {
      "polar_cos": 0.9954096078872681,
      "affine_cos": 0.9978068470954895,
      "polar_mse": 0.0030814658384770155,
      "affine_mse": 0.0014819190837442875
    },
    "memory_3bit": {
      "fp16_bytes": 90177536,
      "polar_bytes": 19470352,
      "polar_ratio": 4.631530852652278,
      "affine_bytes": 22544384,
      "affine_ratio": 4.0
    }
  }
}